{
  "title": "Cognitive 401 \u2014 final report (mem0, Letta, Zep)",
  "generated_at_utc": "2026-03-22T17:44:18.427796+00:00",
  "sources": {
    "judge_results": "all_three_benchmarks_cognitive_results/judge_results.json",
    "pool": "all_three_benchmarks_cognitive_results/cognitive_samples_401_seed42.json"
  },
  "n_dialogues": 401,
  "n_judgments": 1203,
  "overall_correct_wrong": {
    "mem0": {
      "correct": 72,
      "wrong": 329,
      "n": 401
    },
    "letta": {
      "correct": 97,
      "wrong": 304,
      "n": 401
    },
    "zep": {
      "correct": 89,
      "wrong": 312,
      "n": 401
    }
  },
  "wilson_95_ci_overall": {
    "mem0": [
      0.14508093956835133,
      0.22010265415586178
    ],
    "letta": [
      0.20255833522092287,
      0.2861303959110309
    ],
    "zep": [
      0.18401830045697887,
      0.2651487867044979
    ]
  },
  "summary_metrics_compute_metrics": {
    "mem0": {
      "overall_accuracy": 0.17955112219451372,
      "total_samples": 401,
      "by_relation_type": {
        "value": 0.23300970873786409,
        "causal": 0.11224489795918367,
        "state": 0.1368421052631579,
        "goal": 0.22857142857142856
      },
      "by_time_gap_bucket": {
        "long_3_plus_months": 0.19063545150501673,
        "short_1_to_2_weeks": 0.16483516483516483,
        "unknown": 0.0
      }
    },
    "letta": {
      "overall_accuracy": 0.24189526184538654,
      "total_samples": 401,
      "by_relation_type": {
        "value": 0.2549019607843137,
        "causal": 0.13,
        "state": 0.2916666666666667,
        "goal": 0.2912621359223301
      },
      "by_time_gap_bucket": {
        "long_3_plus_months": 0.2214765100671141,
        "short_1_to_2_weeks": 0.2826086956521739,
        "unknown": 0.45454545454545453
      }
    },
    "zep": {
      "overall_accuracy": 0.22194513715710723,
      "total_samples": 401,
      "by_relation_type": {
        "value": 0.25,
        "causal": 0.2079207920792079,
        "state": 0.22,
        "goal": 0.21
      },
      "by_time_gap_bucket": {
        "long_3_plus_months": 0.20666666666666667,
        "short_1_to_2_weeks": 0.27472527472527475,
        "unknown": 0.2
      }
    }
  },
  "pool_distribution_relation_type": {
    "causal": 101,
    "goal": 100,
    "state": 100,
    "value": 100
  },
  "pool_distribution_time_gap_bucket": {
    "long_3_plus_months": 300,
    "short_1_to_2_weeks": 91,
    "unknown": 10
  },
  "by_relation_type_canonical_from_pool": {
    "mem0": {
      "causal": {
        "n": 101,
        "correct": 12,
        "wrong": 89,
        "accuracy": 0.1188118811881188,
        "wilson_95_ci": [
          0.06928719446185172,
          0.19627052606081086
        ]
      },
      "goal": {
        "n": 100,
        "correct": 23,
        "wrong": 77,
        "accuracy": 0.23,
        "wilson_95_ci": [
          0.15843265880303448,
          0.3215438302287378
        ]
      },
      "state": {
        "n": 100,
        "correct": 15,
        "wrong": 85,
        "accuracy": 0.15,
        "wilson_95_ci": [
          0.09305985283656629,
          0.23283559590832367
        ]
      },
      "value": {
        "n": 100,
        "correct": 22,
        "wrong": 78,
        "accuracy": 0.22,
        "wilson_95_ci": [
          0.15001282384605397,
          0.310703535149858
        ]
      }
    },
    "letta": {
      "causal": {
        "n": 101,
        "correct": 13,
        "wrong": 88,
        "accuracy": 0.12871287128712872,
        "wilson_95_ci": [
          0.07678714443671884,
          0.20784699892951097
        ]
      },
      "goal": {
        "n": 100,
        "correct": 30,
        "wrong": 70,
        "accuracy": 0.3,
        "wilson_95_ci": [
          0.21894885294932756,
          0.39584854633346667
        ]
      },
      "state": {
        "n": 100,
        "correct": 28,
        "wrong": 72,
        "accuracy": 0.28,
        "wilson_95_ci": [
          0.20139685211186215,
          0.3748802870992117
        ]
      },
      "value": {
        "n": 100,
        "correct": 26,
        "wrong": 74,
        "accuracy": 0.26,
        "wilson_95_ci": [
          0.18404698464748137,
          0.35370989449187185
        ]
      }
    },
    "zep": {
      "causal": {
        "n": 101,
        "correct": 21,
        "wrong": 80,
        "accuracy": 0.2079207920792079,
        "wilson_95_ci": [
          0.1402080286238294,
          0.2970374974909381
        ]
      },
      "goal": {
        "n": 100,
        "correct": 21,
        "wrong": 79,
        "accuracy": 0.21,
        "wilson_95_ci": [
          0.141656540619153,
          0.29979968834089865
        ]
      },
      "state": {
        "n": 100,
        "correct": 22,
        "wrong": 78,
        "accuracy": 0.22,
        "wilson_95_ci": [
          0.15001282384605397,
          0.310703535149858
        ]
      },
      "value": {
        "n": 100,
        "correct": 25,
        "wrong": 75,
        "accuracy": 0.25,
        "wilson_95_ci": [
          0.17545211362287677,
          0.3430446354806161
        ]
      }
    }
  },
  "by_time_gap_bucket_canonical_from_pool": {
    "mem0": {
      "long_3_plus_months": {
        "n": 300,
        "correct": 57,
        "wrong": 243,
        "accuracy": 0.19,
        "wilson_95_ci": [
          0.14963485033440665,
          0.23820379182481183
        ]
      },
      "short_1_to_2_weeks": {
        "n": 91,
        "correct": 14,
        "wrong": 77,
        "accuracy": 0.15384615384615385,
        "wilson_95_ci": [
          0.09391213405915473,
          0.2418214071223777
        ]
      },
      "unknown": {
        "n": 10,
        "correct": 1,
        "wrong": 9,
        "accuracy": 0.1,
        "wilson_95_ci": [
          0.017876213095072924,
          0.40415002679523854
        ]
      }
    },
    "letta": {
      "long_3_plus_months": {
        "n": 300,
        "correct": 67,
        "wrong": 233,
        "accuracy": 0.22333333333333333,
        "wilson_95_ci": [
          0.17987135808006235,
          0.27379108599751967
        ]
      },
      "short_1_to_2_weeks": {
        "n": 91,
        "correct": 25,
        "wrong": 66,
        "accuracy": 0.27472527472527475,
        "wilson_95_ci": [
          0.19355178327652994,
          0.37414782288922926
        ]
      },
      "unknown": {
        "n": 10,
        "correct": 5,
        "wrong": 5,
        "accuracy": 0.5,
        "wilson_95_ci": [
          0.23659309051256394,
          0.7634069094874361
        ]
      }
    },
    "zep": {
      "long_3_plus_months": {
        "n": 300,
        "correct": 62,
        "wrong": 238,
        "accuracy": 0.20666666666666667,
        "wilson_95_ci": [
          0.16469552636242532,
          0.256055016755975
        ]
      },
      "short_1_to_2_weeks": {
        "n": 91,
        "correct": 25,
        "wrong": 66,
        "accuracy": 0.27472527472527475,
        "wilson_95_ci": [
          0.19355178327652994,
          0.37414782288922926
        ]
      },
      "unknown": {
        "n": 10,
        "correct": 2,
        "wrong": 8,
        "accuracy": 0.2,
        "wilson_95_ci": [
          0.056682151454375246,
          0.5098375284633583
        ]
      }
    }
  },
  "cochran_q": {
    "description": "H0: equal probability of 'correct' across the three systems (same 401 items)",
    "statistic": 7.138686131386861,
    "df": 2,
    "p_value": 0.028174356303351935
  },
  "mcnemar_pairwise": {
    "mem0_vs_letta": {
      "contingency_table": {
        "rows_first_rater_second_rater": [
          "[both_wrong, first_wrong_second_ok]",
          "[first_ok_second_wrong, both_ok]"
        ],
        "counts": [
          [
            269,
            60
          ],
          [
            35,
            37
          ]
        ]
      },
      "n_both_fail": 269,
      "n_first_ok_second_fail": 35,
      "n_first_fail_second_ok": 60,
      "n_both_ok": 37,